period,strategy,signal,timeframe,signal_time,entry_time,entry,sl,tp,exit_time,exit,exit_reason,lots,stop_pips,risk_usd,spread_pips,cost_pips,costs_usd,net_pips,r_multiple,net_pnl,balance_after,atr,body_pct
2026-05,V12,BUY,H1,2026-05-07 09:00,2026-05-07 10:00,4738.63,4723.17,4785.02,2026-05-07 15:00,4723.17,stop,0.64,154.6,989.64,0.18,2.35,15.05,-157.0,-1.02,-1004.69,98995.31,19.33,1.0
2026-06,V12,BUY,H1,2026-06-17 23:00,2026-06-18 01:00,4256.74,4235.22,4321.29,2026-06-18 07:00,4321.29,target,0.46,215.2,989.7,0.2,2.4,11.05,643.1,2.99,2958.04,102958.04,26.89,0.95
2026-07,V12,BUY,H1,2026-07-02 15:00,2026-07-02 16:00,4117.55,4100.24,4169.48,2026-07-03 04:00,4124.62,end,0.57,173.1,986.73,0.2,2.4,13.68,68.3,0.39,389.31,100389.31,21.64,0.9667
2026-07,V12,BUY,H1,2026-07-03 04:00,2026-07-03 05:00,4182.33,4164.91,4234.58,2026-07-03 12:00,4164.91,stop,0.57,174.2,992.78,0.2,2.4,13.68,-176.6,-1.01,-1006.46,99382.85,21.77,0.9667
2026-07,V12,BUY,H1,2026-07-30 11:00,2026-07-30 12:00,4061.33,4043.78,4113.98,2026-07-30 20:00,4113.98,target,0.56,175.5,982.77,0.2,2.4,13.44,524.1,2.99,2934.86,102317.71,21.94,0.95
2026-08,V12,BUY,H1,2026-08-05 05:00,2026-08-05 06:00,4129.19,4115.9,4169.06,2026-08-05 11:00,4169.06,target,0.75,132.9,996.64,0.2,2.4,18.0,396.3,2.98,2971.91,102971.91,16.61,1.0
2026-08,V12,BUY,H1,2026-08-05 08:00,2026-08-05 09:00,4161.43,4147.43,4203.43,2026-08-05 18:00,4203.43,target,0.73,140.0,1021.94,0.2,2.4,17.52,417.6,2.98,3048.3,106020.21,17.5,0.9833
2026-08,V12,BUY,H1,2026-08-05 16:00,2026-08-05 17:00,4205.58,4190.45,4250.98,2026-08-05 21:00,4250.98,target,0.7,151.3,1059.34,0.2,2.4,16.8,451.6,2.98,3161.22,109181.43,18.92,0.95
2026-08,V12,BUY,H1,2026-08-06 02:00,2026-08-06 03:00,4278.18,4262.31,4325.8,2026-08-06 09:00,4262.31,stop,0.68,158.7,1079.43,0.2,2.4,16.32,-161.1,-1.02,-1095.75,108085.68,19.84,0.95
2026-08,V12,BUY,H1,2026-08-07 15:00,2026-08-07 16:00,4361.52,4344.25,4413.34,2026-08-07 20:00,4344.25,stop,0.62,172.7,1070.89,0.2,2.4,14.88,-175.1,-1.01,-1085.77,106999.91,21.59,1.0
2026-08,V12,BUY,H1,2026-08-10 17:00,2026-08-10 18:00,4345.52,4331.33,4388.1,2026-08-11 01:00,4388.1,target,0.75,141.9,1064.62,0.2,2.4,18.0,423.4,2.98,3175.86,110175.77,17.74,0.9667
2026-08,V12,BUY,H1,2026-08-12 15:00,2026-08-12 16:00,4437.05,4422.52,4480.63,2026-08-12 20:00,4422.52,stop,0.75,145.3,1089.43,0.2,2.4,18.0,-147.7,-1.02,-1107.44,109068.33,18.16,0.9667
2026-08,V12,BUY,H1,2026-08-19 17:00,2026-08-19 18:00,4488.2,4470.58,4541.06,2026-08-20 06:00,4504.64,end,0.61,176.2,1074.73,0.2,2.4,14.64,162.0,0.92,988.2,110056.53,22.02,0.9833
2026-08,V11,BUY,D1,2026-08-20 00:00,2026-08-20 00:00,4522.55,4370.77,4826.1,2026-08-28 03:00,4456.22,end,0.06,1517.8,910.66,0.16,2.31,1.39,-665.6,-0.44,-399.37,99600.63,101.18,1.0
2026-08,V12,BUY,H1,2026-08-20 17:00,2026-08-20 18:00,4516.03,4500.74,4561.91,2026-08-21 06:00,4510.46,end,0.71,152.9,1085.77,0.2,2.4,17.04,-58.1,-0.38,-412.51,109644.02,19.12,0.9833
