epoch,strategy,timeframe,signal,entry,sl,tp,simulated,exit_epoch,exit,exit_reason,net_pnl,body_pct,r
1768186800,V12,H1,BUY,4588.8,4572.69676,4637.10971,1,1768190400,4572.69676,stop,-1012.29,1.0,-1.014
1769029200,V12,H1,BUY,4850.32,4829.43893,4912.96322,1,1769032800,4829.43893,stop,-991.94,0.9667,-1.011
1769036400,V12,H1,BUY,4826.56,4800.17336,4905.71992,1,1769043600,4800.17336,stop,-984.59,0.9667,-1.008
1769536800,V12,H1,BUY,5090.7,5067.69042,5159.72875,1,1769551200,5159.72875,target,2889.8,0.9667,2.99
1769554800,V12,H1,BUY,5176.88,5152.59096,5249.74713,1,1769583600,5249.74713,target,2978.37,1.0,2.991
1769637600,V12,H1,BUY,5325.3,5297.45184,5408.84449,1,1769641200,5408.84449,target,2999.54,0.9667,2.992
1769641200,V12,H1,BUY,5376.72,5346.85699,5466.30903,0,,,,,0.9833,
1769652000,V12,H1,BUY,5512.77,5474.4671,5627.6787,1,1769655600,5474.4671,stop,-1040.23,1.0,-1.006
1769713200,V12,H1,BUY,5264.43,5202.02321,5451.65036,1,1769745600,5202.02321,stop,-1002.09,0.9667,-1.004
1769727600,V12,H1,BUY,5394.14,5330.01451,5586.51646,0,,,,,0.9667,
1770814800,V12,H1,BUY,5092.92,5073.32495,5151.70515,1,1770818400,5073.32495,stop,-1010.8,0.95,-1.011
1771614000,V12,H1,BUY,5066.68,5047.13998,5125.30007,1,1771808400,5125.30007,target,2919.78,0.9667,2.989
1771812000,V12,H1,BUY,5165.34,5144.48489,5227.90532,1,1771815600,5144.48489,stop,-1011.82,1.0,-1.011
1771866000,V12,H1,BUY,5192.51,5172.88268,5251.39197,1,1771898400,5223.7,end,1579.24,0.9833,1.578
1772416800,V12,H1,BUY,5387.08,5365.11885,5452.96345,1,1772420400,5365.11885,stop,-998.63,1.0,-1.011
1772550000,V12,H1,BUY,5224.69,5184.13198,5346.36405,1,1772553600,5184.13198,stop,-978.93,0.9667,-1.006
1773115200,V12,H1,BUY,5184.32,5158.91481,5260.53558,1,1773118800,5158.91481,stop,-974.16,0.9833,-1.009
1774933200,V12,H1,BUY,4604.95,4575.94355,4691.96935,1,1774936800,4575.94355,stop,-964.83,0.9833,-1.008
1775037600,V12,H1,BUY,4730.93,4706.78438,4803.36685,1,1775066400,4786.57,end,2271.72,0.9667,2.295
1775602800,V12,H1,BUY,4700.78,4676.01392,4775.07823,1,1775610000,4775.07823,target,3036.71,0.9667,2.991
1775613600,V12,H1,BUY,4818.32,4789.39794,4905.08617,1,1775620800,4789.39794,stop,-1049.55,1.0,-1.008
1776186000,V12,H1,BUY,4794.76,4778.42431,4843.76708,1,1776204000,4843.76708,target,3072.82,0.95,2.986
1776200400,V12,H1,BUY,4835.08,4817.93382,4886.51853,0,,,,,0.95,
1776445200,V12,H1,BUY,4880.43,4863.92566,4929.94303,1,1776448800,4863.92566,stop,-1087.87,0.9833,-1.014
1776661200,V12,H1,BUY,4807.88,4786.92704,4870.73887,1,1776672000,4786.92704,stop,-1059.25,0.9833,-1.011
1778148000,V12,H1,BUY,4738.63,4723.16693,4785.01921,1,1778155200,4723.16693,stop,-1004.69,1.0,-1.015
1781744400,V12,H1,BUY,4256.74,4235.22488,4321.28535,1,1781755200,4321.28535,target,2958.04,0.95,2.989
1783008000,V12,H1,BUY,4117.55,4100.23892,4169.48323,1,1783040400,4124.62,end,389.31,0.9667,0.395
1783054800,V12,H1,BUY,4182.33,4164.91277,4234.58169,1,1783069200,4164.91277,stop,-1006.46,0.9667,-1.014
1785412800,V12,H1,BUY,4061.33,4043.78058,4113.97826,1,1785430800,4113.97826,target,2934.86,0.95,2.986
1785430800,V12,H1,BUY,4112.33,4094.64023,4165.3993,0,,,,,0.9667,
1785909600,V12,H1,BUY,4129.19,4115.90149,4169.05554,1,1785916800,4169.05554,target,2971.91,1.0,2.982
1785920400,V12,H1,BUY,4161.43,4147.43083,4203.42751,1,1785942000,4203.42751,target,3048.3,0.9833,2.983
1785942000,V12,H1,BUY,4188.99,4174.82015,4231.49955,0,,,,,0.9833,
1785949200,V12,H1,BUY,4205.58,4190.44657,4250.98029,1,1785952800,4250.98029,target,3161.22,0.95,2.984
1785952800,V12,H1,BUY,4244.13,4227.55924,4293.84227,0,,,,,1.0,
1785985200,V12,H1,BUY,4278.18,4262.30607,4325.80178,1,1785996000,4262.30607,stop,-1095.75,0.95,-1.015
1786118400,V12,H1,BUY,4361.52,4344.24752,4413.33743,1,1786122000,4344.24752,stop,-1085.77,1.0,-1.014
1786384800,V12,H1,BUY,4345.52,4331.32506,4388.10482,1,1786399200,4388.10482,target,3175.86,0.9667,2.983
1786550400,V12,H1,BUY,4437.05,4422.5242,4480.62739,1,1786554000,4422.5242,stop,-1107.44,0.9667,-1.017
1787162400,V12,H1,BUY,4488.2,4470.58141,4541.05576,1,1787194800,4504.64,end,988.2,0.9833,0.919
1787248800,V12,H1,BUY,4516.03,4500.73742,4561.90773,1,1787281200,4510.46,end,-412.51,0.9833,-0.38
