period,signals,buy_signals,sell_signals,trades,wins,losses,win_rate,net_pnl,gross_profit,gross_loss,profit_factor,max_drawdown,avg_r,r_multiple,expectancy,avg_trade,largest_winner,largest_loser,consec_wins,consec_losses,sl_exits,tp_exits,other_exits,start_balance,end_balance,return_pct,total_costs,skipped
2026-01,0,0,0,0,0,0,,,,,,,,,,,,,,,0,0,0,100000.0,100000.0,0.0,,0
2026-02,0,0,0,0,0,0,,,,,,,,,,,,,,,0,0,0,100000.0,100000.0,0.0,,0
2026-03,0,0,0,0,0,0,,,,,,,,,,,,,,,0,0,0,100000.0,100000.0,0.0,,0
2026-04,0,0,0,0,0,0,,,,,,,,,,,,,,,0,0,0,100000.0,100000.0,0.0,,0
2026-05,0,0,0,0,0,0,,,,,,,,,,,,,,,0,0,0,100000.0,100000.0,0.0,,0
2026-06,0,0,0,0,0,0,,,,,,,,,,,,,,,0,0,0,100000.0,100000.0,0.0,,0
2026-07,0,0,0,0,0,0,,,,,,,,,,,,,,,0,0,0,100000.0,100000.0,0.0,,0
2026-08,2,2,0,1,1,0,1.0,1949.8150936658715,517672.87153886573,,,0.0,1.9823686477907554,1.9823686477907554,5131.092351752293,1949.8150936658715,1949.8150936658715,1949.8150936658715,1,0,0,1,0,100000.0,101949.81509366588,1.9498150936658785,17.34181818181818,1
2026-09,3,3,0,2,1,1,0.5,-268.5549944456063,273080.0000000003,363758.1460909656,0.729826393980078,0.0,-0.13386492107870995,-0.13386492107870995,-497.32406378815995,-134.27749722280316,725.4540000000009,-994.0089944456072,1,1,1,0,1,100000.0,99731.44500555439,-0.26855499444561426,23.724,1
